{
  "project_info": {
    "project_number": "817260649196",
    "firebase_url": "https://project-7310729871868971036.firebaseio.com",
    "project_id": "project-7310729871868971036",
    "storage_bucket": "project-7310729871868971036.appspot.com"
  },
  "client": [
    {
      "client_info": {
        "mobilesdk_app_id": "1:817260649196:android:e8203a4730f5a6bd",
        "android_client_info": {
          "package_name": "com.opdeveloper.pedidos"
        }
      },
      "oauth_client": [
        {
          "client_id": "817260649196-l6aqbdgvcmogvfg54oi5kulhv44nkmbj.apps.googleusercontent.com",
          "client_type": 1,
          "android_info": {
            "package_name": "com.opdeveloper.pedidos",
            "certificate_hash": "853c45ae1ce2d0705ce9c19069d6fc2963bed6f5"
          }
        },
        {
          "client_id": "817260649196-nsuhq4fh1jugci68m4r0hg96uk6ghrev.apps.googleusercontent.com",
          "client_type": 3
        }
      ],
      "api_key": [
        {
          "current_key": "AIzaSyAcCQu9GKEBPle4GsPJNuzkjzJMZxHIeMQ"
        }
      ],
      "services": {
        "appinvite_service": {
          "other_platform_oauth_client": [
            {
              "client_id": "817260649196-nsuhq4fh1jugci68m4r0hg96uk6ghrev.apps.googleusercontent.com",
              "client_type": 3
            }
          ]
        }
      }
    }
  ],
  "configuration_version": "1"
}